{"Actual":{"0":0.0,"1":0.0,"2":0.0,"3":0.0,"4":0.0},"Predicted":{"0":-0.0462572256,"1":0.5376631498,"2":0.3210149187,"3":0.5424973953,"4":0.3552170857}}